longitude,latitude,f1,f2,f3,f4,f5,f6,t1,id,f2_div_f4,f6_div_f2,f5_cat
13.28,52.63,34.0,3850.0,1619.0,602.0,5.0465,608.0,0.0,1,6.4,0.16,4
13.31,52.45,21.0,5041.0,2719.0,441.2774725274725,3.5335,470.986642253378,0.0,2,5.202722298221614,0.09,3
13.39,52.4,52.0,1509.0,674.0,244.0,4.9306,225.0,0.0,3,6.18,0.15,4
13.46,52.59,42.0,1291.0,1535.0,332.0,1.9083,345.0,0.0,4,3.89,0.27,2
13.22,52.51,27.0,4742.0,1682.0,696.0,6.194,775.0,0.0,5,6.81,0.16,4
13.47,52.52,30.0,249.0,167.0,45.0,4.5,44.0,0.0,6,5.53,0.18,3
13.66,52.41,14.0,362.0,88.0,39.0,3.5893,78.0,0.0,7,5.202722298221614,0.22,3
13.43,52.5,52.0,2773.0,1721.0,949.0,1.1859,998.0,0.0,8,2.92,0.20391541609822647,1
13.52,52.49,27.0,4336.0,2009.0,734.0,6.3923,754.0,0.0,9,5.91,0.17,4
13.39,52.53,23.0,1771.0,1105.0,338.0,3.7049,356.0,0.0,10,5.24,0.2,3
13.35,52.5,19.0,2885.0,1520.0,784.0,3.375,859.0,0.0,11,3.68,0.3,3
13.16,52.53,25.0,3472.0,2267.0,944.0,2.7727,956.0,0.0,12,3.68,0.28,2
13.18,52.51,36.0,1651.0,1062.0,331.0,4.575,344.0,0.0,13,4.99,0.21,3
13.15,52.53,16.0,3290.0,1497.0,655.0,2.6875,686.0,0.0,14,5.02,0.21,2
13.14,52.46,22.0,3294.0,1337.0,655.0,5.2391,744.0,0.0,15,5.03,0.23,4
13.34,52.43,26.0,1848.0,1952.0,327.0,4.087,339.0,0.0,16,5.65,0.18,3
13.37,52.46,52.0,3011.0,1303.0,535.0,5.1039,542.0,0.0,17,5.63,0.18,4
13.35,52.52,15.0,1448.0,949.0,300.0,0.8585,378.0,0.0,18,4.83,0.26,1
13.48,52.47,17.0,338.0,200.0,46.0,7.8118,47.0,0.0,19,7.35,0.14,5
13.59,52.51,12.0,5535.0,1255.2263374485597,441.2774725274725,2.5949,470.986642253378,0.0,20,5.202722298221614,0.09,2
13.49,52.52,25.0,3011.0,893.0,654.0,2.3387,714.0,0.0,21,4.6,0.24,2
13.4,52.59,20.0,3118.0,1405.0,519.0,6.0,500.0,0.0,22,6.01,0.16,4
13.44,52.55,31.0,4033.0,2585.0,715.0,3.5096,715.0,0.0,23,5.64,0.18,3
13.17,52.52,18.0,3297.0,1554.0,578.0,2.6847,662.0,0.0,24,5.7,0.2,2
13.54,52.42,52.0,62.0,44.0,16.0,0.4999,9.0,0.0,25,3.88,0.15,1
13.29,52.47,38.0,1706.0,506.0,211.0,2.5625,355.0,0.0,26,8.09,0.21,2
13.21,52.44,16.0,3137.0,1384.0,436.0,6.1306,462.0,0.0,27,7.19,0.15,4
13.44,52.46,21.0,1283.0,684.0,289.0,2.3203,278.0,0.0,28,4.44,0.22,2
13.32,52.61,5.0,2133.0,1182.0,438.0,3.0268,487.0,0.0,29,4.87,0.23,2
13.33,52.59,30.0,2008.0,1052.0,496.0,3.0119,513.0,0.0,30,4.05,0.26,2
13.4,52.44,45.0,531.0,722.0,166.0,2.1406,164.0,0.0,31,3.2,0.31,2
13.58,52.45,37.0,1962.0,1267.0,382.0,4.7344,367.0,0.0,32,5.14,0.19,3
13.48,52.53,6.0,2301.928473177441,1255.2263374485597,441.2774725274725,3.8661,470.986642253378,0.0,33,5.22,0.2,3
13.54,52.54,28.0,590.0,315.0,99.0,1.8958,129.0,0.0,34,5.96,0.22,2
13.4,52.42,26.0,395.0,193.0,72.0,7.3718,74.0,0.0,35,5.49,0.19,5
13.46,52.44,24.0,1003.0,1098.0,227.0,1.7552,251.0,0.0,36,4.42,0.25,2
13.35,52.57,36.0,1599.0,1086.0,314.0,2.6667,345.0,0.0,37,5.09,0.22,2
13.32,52.41,27.0,1580.0,1066.0,306.0,4.7071,303.0,0.0,38,5.16,0.19,3
13.38,52.47,12.0,3098.0,1433.0,434.0,5.2508,453.0,0.0,39,7.14,0.15,4
13.37,52.51,20.0,2301.928473177441,1255.2263374485597,441.2774725274725,3.7716,470.986642253378,0.0,40,5.22,0.2,3
13.34,52.55,23.0,2111.0,979.0,288.0,3.605462907608696,306.0,0.0,41,7.33,0.14,3
13.32,52.48,32.0,1814.0,903.0,306.0,4.1776,320.0,0.0,42,5.93,0.18,3
13.58,52.52,8.0,5278.0,2389.0,441.2774725274725,3.3409,470.986642253378,0.0,43,5.202722298221614,0.09,3
13.48,52.54,10.0,2050.0,1302.0,471.0,2.7961,473.0,0.0,44,4.35,0.23,2
13.71,52.43,12.0,4011.0,1673.0,1088.0,5.3081,470.986642253378,0.0,45,3.69,0.12,4
13.46,52.56,35.0,1051.0,517.0,234.0,3.7,259.0,0.0,46,4.49,0.25,3
13.45,52.5,14.0,5106.0,2738.0,441.2774725274725,3.9909,470.986642253378,0.0,47,5.202722298221614,0.09,3
13.6,52.48,17.0,2358.0,1387.0,364.0,6.299,396.0,0.0,48,6.48,0.17,4
13.62,52.53,16.0,5648.0,2524.0,1008.0,2.6739,1089.0,0.0,49,5.6,0.19,2
13.49,52.54,16.0,952.0,530.0,143.0,5.0864,143.0,0.0,50,6.66,0.15,4
13.58,52.43,14.0,2928.0,1633.0,559.0,1.8385,600.0,0.0,51,5.24,0.2,2
13.57,52.45,45.0,1672.0,838.0,314.0,4.1419,344.0,0.0,52,5.32,0.21,3
13.57,52.44,34.0,2470.0,2326.0,1055.0,1.9038,470.986642253378,0.0,53,2.34,0.19,2
13.55,52.52,36.0,1856.0,822.0,416.0,2.3042,475.0,0.0,54,4.46,0.26,2
13.46,52.47,42.0,1413.0,1027.0,362.0,2.3625,406.0,0.0,55,3.9,0.29,2
13.44,52.53,27.0,1827.0,852.0,450.0,2.0901,509.0,0.0,56,4.06,0.28,2
13.41,52.54,24.0,2017.0,900.0,436.0,3.0,416.0,0.0,57,4.63,0.21,2
13.37,52.57,52.0,2170.0,1086.0,425.0,3.3715,428.0,0.0,58,5.11,0.2,3
13.13,52.54,46.0,1759.0,2716.0,877.0,2.1637,1012.0,0.0,59,5.202722298221614,0.20391541609822647,2
13.36,52.43,26.0,450.0,317.0,109.0,4.0,132.0,0.0,60,4.13,0.29,3
13.35,52.45,34.0,2892.0,903.0,365.0,3.605462907608696,413.0,0.0,61,7.92,0.14,3
13.39,52.39,43.0,2089.0,955.0,385.0,2.5898,399.0,0.0,62,5.43,0.19,2
13.37,52.42,41.0,734.0,565.0,191.0,2.2813,190.0,0.0,63,3.84,0.26,2
13.37,52.45,26.0,2424.0,974.0,375.0,4.739,388.0,0.0,64,6.46,0.16,3
13.49,52.47,36.0,361.0,169.0,62.0,3.7734,63.0,0.0,65,5.82,0.17,3
13.56,52.4,32.0,3616.0,2131.0,593.0,3.2879,631.0,0.0,66,6.1,0.17,3
13.27,52.44,43.0,1610.0,1409.0,365.0,1.7574,412.0,0.0,67,4.41,0.26,2
13.14,52.42,27.0,5144.0,2518.0,441.2774725274725,3.4836,470.986642253378,0.0,68,5.202722298221614,0.09,3
13.51,52.63,29.0,3078.0,1460.0,736.0,2.875,786.0,0.0,69,4.18,0.26,2
13.37,52.56,52.0,1759.0,980.0,402.0,4.0125,387.0,0.0,70,4.38,0.22,3
13.42,52.39,13.0,5451.0,2957.0,1081.0,2.6098,470.986642253378,0.0,71,5.04,0.09,2
13.57,52.41,12.0,3349.0,2029.0,619.0,2.9647,642.0,0.0,72,5.41,0.19,2
13.54,52.52,38.0,3779.0,1495.0,614.0,4.3529,614.0,0.0,73,6.15,0.16,3
13.49,52.64,33.0,2318.0,1904.0,451.0,3.7454,464.0,0.0,74,5.14,0.2,3
13.27,52.52,22.0,2105.0,781.0,483.0,2.213,521.0,0.0,75,4.36,0.25,2
13.5,52.57,24.0,4534.0,2547.0,895.0,3.9575,967.0,0.0,76,5.07,0.21,3
13.57,52.53,35.0,2329.0,966.0,336.0,3.8839,399.0,0.0,77,6.93,0.17,3
13.36,52.59,34.0,3657.0,1513.0,562.0,5.2907,538.0,0.0,78,6.51,0.15,4
13.34,52.57,52.0,1548.0,1131.0,343.0,2.63,348.0,0.0,79,4.51,0.22,2
13.39,52.56,44.0,3494.0,693.0,415.0,3.6,635.0,0.0,80,5.202722298221614,0.18,3
13.16,52.42,14.0,810.0,302.0,138.0,3.1094,151.0,0.0,81,5.87,0.19,2
13.38,52.5,28.0,4112.0,1255.2263374485597,841.0,4.4539,861.0,0.0,82,4.89,0.21,3
13.36,52.52,35.0,1447.0,1630.0,306.0,2.9205,335.0,0.0,83,4.73,0.23,2
13.36,52.56,41.0,2237.0,938.0,523.0,4.7105,597.0,0.0,84,4.28,0.27,3
13.36,52.54,37.0,2386.0,1101.0,399.0,4.6908,409.0,0.0,85,5.98,0.17,3
13.32,52.53,24.0,1807.0,1460.0,410.0,1.4786,465.0,0.0,86,4.41,0.26,1
13.35,52.51,52.0,1041.0,558.0,231.0,1.9236,252.0,0.0,87,4.51,0.24,2
13.38,52.57,52.0,1595.0,823.0,302.0,3.2188,325.0,0.0,88,5.28,0.2,3
13.34,52.56,15.0,989.0,406.0,151.0,3.1771,184.0,0.0,89,6.55,0.19,2
13.48,52.49,24.0,4865.0,2315.0,893.0,4.2852,968.0,0.0,90,5.45,0.2,3
13.4,52.49,20.0,2851.0,1192.0,463.0,5.8752,490.0,0.0,91,6.16,0.17,4
13.4,52.5,5.0,2693.0,1785.0,491.0,3.0,508.0,0.0,92,5.48,0.19,2
13.46,52.5,35.0,2316.0,849.0,378.0,4.3816,387.0,0.0,93,6.13,0.17,3
13.45,52.54,16.0,1245.0,956.0,219.0,3.4559,231.0,0.0,94,5.68,0.19,3
13.48,52.55,38.0,1764.0,987.0,354.0,2.4333,397.0,0.0,95,4.98,0.23,2
13.48,52.56,52.0,2301.928473177441,1255.2263374485597,441.2774725274725,1.724,470.986642253378,0.0,96,5.22,0.2,2
13.45,52.59,48.0,1301.0,637.0,260.0,4.3438,253.0,0.0,97,5.0,0.19,3
13.44,52.57,33.0,142.0,575.0,47.0,3.875,31.0,0.0,98,3.02,0.22,3
13.48,52.61,36.0,3005.0,2054.0,758.0,2.0437,771.0,0.0,99,3.96,0.26,2
13.39,52.58,6.0,2918.0,1911.0,639.0,4.1406,672.0,0.0,100,4.57,0.23,3
13.43,52.6,50.0,1829.0,1129.0,516.0,2.6684,536.0,0.0,101,3.54,0.29,2
13.42,52.57,32.0,3108.0,1577.0,603.0,4.6613,613.0,0.0,102,5.15,0.2,3
13.39,52.62,52.0,4140.0,2030.0,892.0,3.4236,984.0,0.0,103,4.64,0.24,3
13.41,52.58,23.0,1353.0,1322.0,336.0,1.8185,345.0,0.0,104,4.03,0.25,2
13.46,52.54,20.0,1911.0,1241.0,348.0,2.5156,389.0,0.0,105,5.49,0.2,2
13.45,52.56,31.0,4267.0,1255.2263374485597,1071.0,3.0212,1070.0,0.0,106,3.98,0.25,2
13.26,52.5,4.0,2301.928473177441,1255.2263374485597,441.2774725274725,5.083,470.986642253378,0.0,107,5.22,0.2,4
13.29,52.54,25.0,4111.0,1585.0,568.0,3.605462907608696,538.0,0.0,108,7.24,0.13,3
13.24,52.51,12.0,3652.0,1677.0,728.0,2.3267,923.0,0.0,109,5.02,0.25,2
13.31,52.49,33.0,2263.0,900.0,382.0,4.4028,430.0,0.0,110,5.92,0.19,3
13.27,52.49,37.0,1921.0,811.0,472.0,2.75,502.0,0.0,111,4.07,0.26,2
13.25,52.51,36.0,1464.0,672.0,261.0,3.5547,244.0,0.0,112,5.61,0.17,3
13.29,52.49,36.0,2929.0,1054.0,352.0,3.605462907608696,366.0,0.0,113,5.202722298221614,0.12,3
13.28,52.52,15.0,5368.0,2269.0,441.2774725274725,5.7097,470.986642253378,0.0,114,5.202722298221614,0.09,4
13.23,52.51,31.0,700.0,1272.0,298.0,2.1542,299.0,0.0,115,2.35,0.20391541609822647,2
13.21,52.5,22.0,2265.0,1684.0,561.0,2.6729,637.0,0.0,116,4.04,0.28,2
13.27,52.5,29.0,2301.928473177441,2184.0,960.0,3.605462907608696,1012.0,0.0,117,2.4,0.20391541609822647,3
13.28,52.49,44.0,1819.0,1137.0,354.0,3.4919,544.3654353562006,0.0,118,5.14,0.3,3
13.21,52.53,26.0,3350.0,1314.0,550.0,3.5195,581.0,0.0,119,6.09,0.17,3
13.18,52.54,19.0,1991.0,1202.0,460.0,3.1538,528.0,0.0,120,4.33,0.27,2
13.18,52.53,17.0,449.0,141.0,53.0,0.8362,151.0,0.0,121,5.202722298221614,0.20391541609822647,1
13.27,52.55,37.0,1844.0,1634.0,417.0,2.7993,382.0,0.0,122,4.42,0.21,2
13.17,52.51,45.0,727.0,520.0,175.0,2.6528,168.0,0.0,123,4.15,0.23,2
13.23,52.54,25.0,4440.0,1560.0,636.0,3.605462907608696,693.0,0.0,124,6.98,0.16,3
13.15,52.54,16.0,2374.0,913.0,705.0,2.7386,780.0,0.0,125,3.37,0.20391541609822647,2
13.2,52.57,16.0,5498.0,2051.0,694.0,7.8601,729.0,0.0,126,7.92,0.13,5
13.18,52.49,43.0,1584.0,799.0,433.0,5.0322,477.0,0.0,127,3.66,0.3,4
13.16,52.56,52.0,1746.0,941.0,220.0,3.3047,315.0,0.0,128,7.94,0.18,3
13.13,52.47,42.0,1276.0,799.0,259.0,2.7273,260.0,0.0,129,4.93,0.2,2
13.17,52.53,7.0,3389.0,1268.0,474.0,3.0224,621.0,0.0,130,7.15,0.18,2
13.19,52.51,4.0,3618.0,1326.0,714.0,5.4284,767.0,0.0,131,5.07,0.21,4
13.16,52.46,26.0,934.0,519.0,162.0,5.3209,148.0,0.0,132,5.77,0.16,4
13.15,52.55,12.0,3851.0,2169.0,811.0,3.0101,857.0,0.0,133,4.75,0.22,2
13.19,52.55,23.0,588.0,716.0,173.0,1.2056,157.0,0.0,134,3.4,0.27,1
13.26,52.42,18.0,2626.0,1302.0,522.0,4.0167,544.3654353562006,0.0,135,5.03,0.21,3
13.28,52.46,24.0,2387.0,1051.0,382.0,4.4595,385.0,0.0,136,6.25,0.16,3
13.15,52.41,16.0,2301.928473177441,1255.2263374485597,441.2774725274725,4.0693,470.986642253378,0.0,137,5.22,0.2,3
13.28,52.44,47.0,1691.0,913.0,358.0,1.8403,402.0,0.0,138,4.72,0.24,2
13.25,52.44,42.0,1558.0,1227.0,407.0,2.2804,458.0,0.0,139,3.83,0.29,2
13.27,52.42,26.0,2697.0,1088.0,389.0,5.0,398.0,0.0,140,6.93,0.15,4
13.19,52.42,39.0,3275.0,1137.0,725.0,3.7679,837.0,0.0,141,4.52,0.26,3
13.35,52.44,29.0,2301.928473177441,2919.0,1061.0,3.605462907608696,1117.0,0.0,142,5.202722298221614,0.20391541609822647,3
13.29,52.43,35.0,1281.0,710.0,184.0,4.8304,219.0,0.0,143,6.96,0.17,4
13.35,52.42,31.0,3117.0,1606.0,588.0,2.9844,616.0,0.0,144,5.3,0.2,2
13.33,52.42,37.0,1832.0,955.0,488.0,2.7852,525.0,0.0,145,3.75,0.29,2
13.31,52.43,35.0,1859.0,1208.0,399.0,1.4044,428.0,0.0,146,4.66,0.23,1
13.26,52.45,28.0,2758.0,2877.0,694.0,2.0734,771.0,0.0,147,3.97,0.28,2
13.35,52.43,23.0,910.0,370.0,169.0,1.7448,199.0,0.0,148,5.38,0.22,2
13.27,52.43,38.0,1912.0,1131.0,408.0,2.03,456.0,0.0,149,4.69,0.24,2
13.3,52.46,46.0,1453.0,817.0,310.0,3.0,306.0,0.0,150,4.69,0.21,2
13.23,52.45,12.0,3943.0,1255.2263374485597,751.0,4.112,737.0,0.0,151,5.25,0.19,3
13.31,52.46,36.0,1774.0,784.0,298.0,5.0447,299.0,0.0,152,5.95,0.17,4
13.28,52.42,42.0,3146.0,1859.0,740.0,3.5073,770.0,0.0,153,4.25,0.24,3
13.16,52.43,16.0,2301.928473177441,1255.2263374485597,441.2774725274725,3.0187,470.986642253378,0.0,154,5.22,0.2,2
13.25,52.43,45.0,2332.0,943.0,339.0,3.605462907608696,544.3654353562006,0.0,155,6.88,0.23,3
13.36,52.46,15.0,1569.0,1123.0,369.0,1.6111,423.0,0.0,156,4.25,0.27,2
13.39,52.46,12.0,2301.928473177441,1255.2263374485597,441.2774725274725,3.5691,470.986642253378,0.0,157,5.22,0.2,3
13.4,52.45,15.0,1882.0,704.0,219.0,6.9794,233.0,0.0,158,5.202722298221614,0.12,5
13.4,52.4,29.0,2743.0,1059.0,651.0,3.625,708.0,0.0,159,4.21,0.26,3
13.41,52.44,38.0,1016.0,540.0,187.0,2.2885,202.0,0.0,160,5.43,0.2,2
13.41,52.41,28.0,1433.0,1001.0,278.0,4.0125,270.0,0.0,161,5.15,0.19,3
13.38,52.43,10.0,614.0,195.0,95.0,0.9283,141.0,0.0,162,6.46,0.23,1
13.37,52.41,29.0,4168.0,2096.0,713.0,4.2204,742.0,0.0,163,5.85,0.18,3
13.36,52.45,21.0,797.0,484.0,166.0,2.625,162.0,0.0,164,4.8,0.2,2
13.36,52.42,26.0,15.0,11.0,3.0,5.048,3.0,0.0,165,5.0,0.2,4
13.37,52.47,13.0,4379.0,2560.0,853.0,4.2538,872.0,0.0,166,5.13,0.2,3
13.37,52.49,34.0,2159.0,1443.0,385.0,4.1995,386.0,0.0,167,5.61,0.18,3
13.35,52.47,36.0,787.0,1506.0,360.0,1.2412,420.0,0.0,168,5.202722298221614,0.20391541609822647,1
13.42,52.46,4.0,2301.928473177441,1255.2263374485597,441.2774725274725,4.7193,470.986642253378,0.0,169,5.22,0.2,3
13.45,52.48,25.0,2879.0,2077.0,649.0,3.3864,723.0,0.0,170,4.44,0.25,3
13.48,52.41,35.0,2492.0,812.0,373.0,3.605462907608696,409.0,0.0,171,6.68,0.16,3
13.51,52.41,4.0,2301.928473177441,1255.2263374485597,441.2774725274725,6.2141,470.986642253378,0.0,172,5.22,0.2,4
13.47,52.44,44.0,1594.0,832.0,340.0,3.4,389.0,0.0,173,4.69,0.24,3
13.5,52.42,24.0,1586.0,912.0,298.0,4.25,262.0,0.0,174,5.32,0.17,3
13.44,52.43,23.0,3038.0,1501.0,436.0,5.5584,473.0,0.0,175,6.97,0.16,4
13.41,52.42,42.0,2203.0,1470.0,488.0,2.8385,467.0,0.0,176,4.51,0.21,2
13.45,52.46,36.0,98.0,18.0,8.0,0.536,28.0,0.0,177,5.202722298221614,0.29,1
13.43,52.45,25.0,1178.0,709.0,214.0,4.5625,206.0,0.0,178,5.5,0.17,3
13.48,52.42,30.0,2506.0,1255.0,421.0,4.7813,394.0,0.0,179,5.95,0.16,3
13.43,52.43,17.0,2875.0,1876.0,749.0,1.951,810.0,0.0,180,3.84,0.28,2
13.49,52.46,19.0,5407.0,1927.0,804.0,4.6302,838.0,0.0,181,6.73,0.15,3
13.53,52.41,16.0,4392.0,1490.0,578.0,3.605462907608696,602.0,0.0,182,7.6,0.14,3
13.55,52.41,36.0,1089.0,632.0,215.0,3.6538,234.0,0.0,183,5.07,0.21,3
13.54,52.41,34.0,2328.0,1684.0,429.0,3.25,444.0,0.0,184,5.43,0.19,3
13.6,52.43,32.0,1199.0,814.0,238.0,4.6719,229.0,0.0,185,5.04,0.19,3
13.58,52.47,9.0,2167.0,1290.0,351.0,5.0285,370.0,0.0,186,6.17,0.17,4
13.67,52.41,33.0,3122.0,1733.0,545.0,3.8307,579.0,0.0,187,5.73,0.19,3
13.51,52.47,32.0,2587.0,1246.0,650.0,2.1727,681.0,0.0,188,3.98,0.26,2
13.63,52.45,20.0,1814.0,658.0,253.0,3.605462907608696,282.0,0.0,189,7.17,0.16,3
13.61,52.44,35.0,1468.0,1295.0,300.0,3.7708,303.0,0.0,190,4.89,0.21,3
13.7,52.43,41.0,2136.0,986.0,557.0,2.7254,549.0,0.0,191,3.83,0.26,2
13.65,52.38,29.0,4610.0,1569.0,592.0,2.7663,544.3654353562006,0.0,192,7.79,0.12,2
13.53,52.46,18.0,2301.928473177441,1255.2263374485597,441.2774725274725,1.4366,470.986642253378,0.0,193,5.22,0.2,1
13.52,52.47,34.0,1859.0,854.0,309.0,3.1906,323.0,0.0,194,6.02,0.17,2
13.53,52.45,30.0,1228.0,1603.0,323.0,3.0225,358.0,0.0,195,3.8,0.29,2
13.59,52.42,42.0,1116.0,1082.0,299.0,3.7237,303.0,0.0,196,3.73,0.27,3
13.53,52.44,29.0,1945.0,826.0,275.0,3.605462907608696,269.0,0.0,197,7.07,0.14,3
13.5,52.46,34.0,1519.0,758.0,304.0,4.3125,301.0,0.0,198,5.0,0.2,3
13.52,52.45,34.0,2192.0,1376.0,428.0,3.9861,431.0,0.0,199,5.12,0.2,3
13.58,52.57,44.0,1818.0,1680.0,418.0,1.7083,412.0,0.0,200,4.35,0.23,2
13.58,52.55,37.0,845.0,881.0,252.0,2.2454,249.0,0.0,201,3.35,0.29,2
13.55,52.55,13.0,4808.0,2568.0,762.0,3.6583,848.0,0.0,202,6.31,0.18,3
13.58,52.53,16.0,2687.0,1502.0,480.0,3.75,501.0,0.0,203,5.6,0.19,3
13.57,52.5,38.0,727.0,559.0,176.0,2.4653,173.0,0.0,204,4.13,0.24,2
13.62,52.51,19.0,1393.0,915.0,355.0,1.1957,367.0,0.0,205,3.92,0.26,1
13.6,52.53,36.0,654.0,416.0,138.0,3.6953,186.0,0.0,206,4.74,0.28,3
13.63,52.52,52.0,3034.0,1158.0,399.0,6.2976,406.0,0.0,207,7.6,0.13,4
13.58,52.51,12.0,2301.928473177441,2823.0,441.2774725274725,2.1722,470.986642253378,0.0,208,5.22,0.2,2
13.61,52.49,52.0,610.0,281.0,132.0,2.9018,145.0,0.0,209,4.62,0.24,2
13.58,52.49,10.0,1742.0,721.0,312.0,2.4537,307.0,0.0,210,5.58,0.18,2
13.56,52.49,35.0,2843.0,1726.0,643.0,3.09,652.0,0.0,211,4.42,0.23,2
13.57,52.52,26.0,2507.0,1333.0,392.0,6.1601,393.0,0.0,212,6.4,0.16,4
13.61,52.5,30.0,1695.0,932.0,447.0,3.5045,480.0,0.0,213,3.79,0.28,3
13.6,52.52,40.0,2523.0,976.0,470.0,3.11,488.0,0.0,214,5.37,0.19,2
13.55,52.51,36.0,49.0,28.0,2.0,4.625,7.0,0.0,215,5.202722298221614,0.14,3
13.53,52.51,52.0,4088.0,1906.0,863.0,3.6065,946.0,0.0,216,4.74,0.23,3
13.54,52.49,41.0,746.0,387.0,161.0,3.9063,544.3654353562006,0.0,217,4.63,0.20391541609822647,3
13.48,52.5,35.0,1945.0,1227.0,359.0,5.2162,357.0,0.0,218,5.42,0.18,4
13.5,52.54,28.0,4649.0,2606.0,953.0,3.2674,977.0,0.0,219,4.88,0.21,3
13.51,52.56,22.0,1814.0,941.0,323.0,2.1728,342.0,0.0,220,5.62,0.19,2
13.5,52.5,16.0,2697.0,1369.0,723.0,4.4699,803.0,0.0,221,3.73,0.3,3
13.52,52.56,28.0,1967.0,734.0,291.0,4.9583,315.0,0.0,222,6.76,0.16,4
13.53,52.57,16.0,2704.0,1322.0,424.0,3.7857,463.0,0.0,223,6.38,0.17,3
13.5,52.52,26.0,2496.0,1062.0,380.0,5.5413,407.0,0.0,224,6.57,0.16,4
13.48,52.57,26.0,1125.0,943.0,214.0,4.825,210.0,0.0,225,5.26,0.19,4
13.51,52.48,25.0,1407.0,1193.0,472.0,1.2989,550.0,0.0,226,2.98,0.20391541609822647,1
13.51,52.53,43.0,1730.0,629.0,279.0,4.3194,326.0,0.0,227,6.2,0.19,3
13.55,52.57,21.0,1214.0,500.0,185.0,7.598,192.0,0.0,228,6.56,0.16,5
13.35,52.59,37.0,1508.0,635.0,241.0,3.75,252.0,0.0,229,6.26,0.17,3
13.34,52.58,14.0,3483.0,2140.0,687.0,3.125,764.0,0.0,230,5.07,0.22,2
13.31,52.59,48.0,1835.0,956.0,370.0,3.2813,380.0,0.0,231,4.96,0.21,3
13.28,52.57,17.0,3353.0,1417.0,447.0,5.1721,463.0,0.0,232,7.5,0.14,4
13.29,52.59,23.0,3204.0,2295.0,614.0,3.9485,644.0,0.0,233,5.22,0.2,3
13.31,52.61,2.0,158.0,94.0,57.0,2.5625,43.0,0.0,234,2.77,0.27,2
13.34,52.62,33.0,879.0,547.0,169.0,5.3146,181.0,0.0,235,5.2,0.21,4
13.3,52.61,25.0,4617.0,2685.0,1011.0,2.9576,1046.0,0.0,236,4.57,0.23,2
13.29,52.64,45.0,2143.0,1004.0,594.0,3.0153,697.0,0.0,237,3.61,0.20391541609822647,2
13.27,52.64,24.0,5377.0,2010.0,982.0,3.4542,1005.0,0.0,238,5.48,0.19,3
13.36,52.6,17.0,2839.0,390.0,189.0,3.5667,525.0,0.0,239,5.202722298221614,0.18,3
13.34,52.61,35.0,1060.0,444.0,196.0,3.605462907608696,191.0,0.0,240,5.41,0.18,3
13.37,52.6,26.0,1279.0,1276.0,420.0,1.2404,438.0,0.0,241,3.05,0.20391541609822647,1
13.29,52.62,18.0,1758.0,987.0,277.0,4.6875,286.0,0.0,242,6.35,0.16,3
13.23,52.62,20.0,755.0,457.0,157.0,2.4167,147.0,0.0,243,4.81,0.19,2
13.25,52.61,36.0,2410.0,934.0,377.0,7.652,361.0,0.0,244,6.39,0.15,5
13.32,52.6,52.0,1380.0,530.0,210.0,6.221,203.0,0.0,245,6.57,0.15,4
13.31,52.6,33.0,1775.0,1071.0,296.0,4.6607,309.0,0.0,246,6.0,0.17,3
13.32,52.59,14.0,5381.0,2296.0,872.0,5.6875,871.0,0.0,247,6.17,0.16,4
13.32,52.62,13.0,2360.0,1055.0,312.0,5.2134,340.0,0.0,248,7.56,0.14,4
13.3,52.59,46.0,2223.0,968.0,373.0,4.26,361.0,0.0,249,5.96,0.16,3
13.26,52.59,21.0,2884.0,2613.0,645.0,4.05,662.0,0.0,250,4.47,0.23,3
13.39,52.45,45.0,1808.0,800.0,302.0,4.8693,315.0,0.0,251,5.99,0.17,4
13.54,52.43,35.0,2277.0,1353.0,413.0,4.75,420.0,0.0,252,5.51,0.18,3
13.42,52.51,26.0,4065.0,1960.0,739.0,4.506,741.0,0.0,253,5.5,0.18,3
13.61,52.54,28.0,3144.0,1737.0,669.0,2.9297,761.0,0.0,254,4.7,0.24,2
13.44,52.42,35.0,3473.0,2091.0,580.0,4.4821,563.0,0.0,255,5.99,0.16,3
13.52,52.58,16.0,3973.0,1971.0,575.0,6.4265,595.0,0.0,256,6.91,0.15,5
13.31,52.53,28.0,1932.0,1156.0,404.0,1.8958,421.0,0.0,257,4.78,0.22,2
13.5,52.63,10.0,2301.928473177441,2959.0,441.2774725274725,3.9816,470.986642253378,0.0,258,5.22,0.2,3
13.22,52.44,13.0,5075.0,3033.0,838.0,3.0577,978.0,0.0,259,6.06,0.19,2
13.6,52.44,33.0,1509.0,1734.0,336.0,1.625,352.0,0.0,260,4.49,0.23,2
13.72,52.43,42.0,1604.0,814.0,329.0,4.4408,326.0,0.0,261,4.88,0.2,3
13.62,52.46,39.0,1420.0,645.0,277.0,4.125,272.0,0.0,262,5.13,0.19,3
13.7,52.44,49.0,1215.0,570.0,264.0,1.4861,282.0,0.0,263,4.6,0.23,1
13.39,52.47,24.0,2858.0,1388.0,512.0,3.375,511.0,0.0,264,5.58,0.18,3
13.32,52.44,35.0,2129.0,1044.0,350.0,3.9732,382.0,0.0,265,6.08,0.18,3
13.29,52.45,28.0,2796.0,1085.0,363.0,3.605462907608696,365.0,0.0,266,7.7,0.13,3
13.32,52.42,25.0,2301.928473177441,1255.2263374485597,441.2774725274725,3.3627,470.986642253378,0.0,267,5.22,0.2,3
13.44,52.44,27.0,500.0,732.0,162.0,2.7426,159.0,0.0,268,3.09,0.32,2
13.59,52.47,39.0,1565.0,1389.0,360.0,2.7443,364.0,0.0,269,4.35,0.23,2
13.19,52.57,36.0,1726.0,820.0,288.0,5.5767,287.0,0.0,270,5.99,0.17,4
13.24,52.61,16.0,2876.0,1859.0,545.0,2.0878,576.0,0.0,271,5.28,0.2,2
13.24,52.52,36.0,956.0,416.0,157.0,4.6429,159.0,0.0,272,6.09,0.17,3
13.49,52.53,19.0,2788.0,1365.0,525.0,2.7813,614.0,0.0,273,5.31,0.22,2
13.22,52.43,36.0,1327.0,613.0,230.0,3.8672,209.0,0.0,274,5.77,0.16,3
13.21,52.54,26.0,3354.0,2020.0,648.0,4.1576,659.0,0.0,275,5.18,0.2,3
13.47,52.5,8.0,892.0,427.0,164.0,2.6833,185.0,0.0,276,5.44,0.21,2
13.44,52.49,34.0,2199.0,2488.0,597.0,2.9861,609.0,0.0,277,3.68,0.28,2
13.5,52.53,25.0,778.0,340.0,155.0,1.7857,135.0,0.0,278,5.02,0.17,2
13.31,52.48,26.0,2758.0,1291.0,522.0,2.925,571.0,0.0,279,5.28,0.21,2
13.37,52.5,31.0,2449.0,1801.0,548.0,2.6328,595.0,0.0,280,4.47,0.24,2
13.42,52.47,27.0,3997.0,1901.0,966.0,3.75,1073.0,0.0,281,4.14,0.27,3
13.39,52.42,39.0,2522.0,1113.0,357.0,5.2249,380.0,0.0,282,7.06,0.15,4
13.36,52.44,39.0,1504.0,718.0,261.0,4.625,280.0,0.0,283,5.76,0.19,3
13.34,52.42,16.0,1495.0,472.0,284.0,3.4432,292.0,0.0,284,5.26,0.2,3
13.62,52.52,28.0,2795.0,1173.0,545.0,4.4423,622.0,0.0,285,5.13,0.22,3
13.57,52.43,52.0,1686.0,982.0,356.0,2.0958,377.0,0.0,286,4.74,0.22,2
13.58,52.44,50.0,2307.0,887.0,356.0,3.5156,424.0,0.0,287,6.48,0.18,3
13.72,52.44,20.0,1901.0,704.0,254.0,3.605462907608696,270.0,0.0,288,7.48,0.14,3
13.29,52.6,52.0,2269.0,805.0,321.0,4.7188,323.0,0.0,289,7.07,0.14,3
13.26,52.55,39.0,1756.0,1055.0,322.0,3.2375,320.0,0.0,290,5.45,0.18,3
13.24,52.55,48.0,2799.0,1235.0,561.0,4.4896,596.0,0.0,291,4.99,0.21,3
13.14,52.53,15.0,2301.928473177441,3060.0,1060.0,5.3064,1052.0,0.0,292,5.202722298221614,0.20391541609822647,4
13.14,52.41,16.0,3747.0,1817.0,590.0,4.6488,586.0,0.0,293,6.35,0.16,3
13.403213811420985,52.50359625668449,46.0,2301.928473177441,2535.0,441.2774725274725,5.0887,1093.0,0.0,294,5.22,0.20391541609822647,4
13.53,52.49,41.0,2822.0,1288.0,541.0,3.0799,564.0,0.0,295,5.22,0.2,2
13.34,52.59,32.0,1290.0,852.0,309.0,1.4429,304.0,0.0,296,4.17,0.24,1
13.37,52.52,4.0,2301.928473177441,1255.2263374485597,441.2774725274725,5.6798,470.986642253378,0.0,297,5.22,0.2,4
13.34,52.51,13.0,2832.0,1065.0,531.0,2.3844,542.0,0.0,298,5.33,0.19,2
13.36,52.53,28.0,1843.0,1402.0,512.0,2.462,554.0,0.0,299,3.6,0.3,2
13.51,52.44,51.0,2665.0,1258.0,536.0,2.7303,574.0,0.0,300,4.97,0.22,2
13.27,52.48,23.0,2744.0,1493.0,557.0,3.1781,588.0,0.0,301,4.93,0.21,2
13.36,52.51,29.0,2671.0,1484.0,445.0,4.9844,437.0,0.0,302,6.0,0.16,4
13.37,52.48,33.0,1365.0,825.0,250.0,3.2396,269.0,0.0,303,5.46,0.2,3
13.39,52.48,52.0,3351.0,2101.0,706.0,3.0107,719.0,0.0,304,4.75,0.21,2
13.41,52.48,25.0,3603.0,2719.0,913.0,2.6981,1003.0,0.0,305,3.95,0.28,2
13.42,52.44,42.0,700.0,662.0,210.0,3.0078,212.0,0.0,306,3.33,0.3,2
13.47,52.48,36.0,1180.0,664.0,200.0,5.2838,212.0,0.0,307,5.9,0.18,4
13.46,52.46,13.0,3719.0,1754.0,764.0,2.3517,803.0,0.0,308,4.87,0.22,2
13.41,52.46,27.0,2784.0,2028.0,693.0,2.4808,723.0,0.0,309,4.02,0.26,2
13.4,52.46,27.0,1145.0,492.0,160.0,5.716,150.0,0.0,310,7.16,0.13,4
13.41,52.45,28.0,2780.0,1638.0,533.0,2.9571,510.0,0.0,311,5.22,0.18,2
13.42,52.42,33.0,1664.0,759.0,272.0,5.7876,271.0,0.0,312,6.12,0.16,4
13.57,52.47,34.0,5586.0,1871.0,636.0,3.605462907608696,674.0,0.0,313,5.202722298221614,0.12,3
13.63,52.46,39.0,1598.0,1691.0,399.0,2.3605,458.0,0.0,314,4.01,0.29,2
13.37,52.44,26.0,2192.0,954.0,456.0,4.5352,438.0,0.0,315,4.81,0.2,3
13.22,52.61,29.0,3167.0,1554.0,534.0,4.3487,548.0,0.0,316,5.93,0.17,3
13.4,52.43,10.0,4750.0,1220.0,428.0,4.5536,844.0,0.0,317,5.202722298221614,0.18,3
13.38,52.41,38.0,1794.0,810.0,335.0,3.8343,349.0,0.0,318,5.36,0.19,3
13.37,52.43,23.0,3224.0,2183.0,655.0,4.3807,652.0,0.0,319,4.92,0.2,3
13.39,52.41,29.0,2240.0,1187.0,407.0,3.8365,457.0,0.0,320,5.5,0.2,3
13.41,52.43,43.0,3700.0,1488.0,623.0,5.5622,684.0,0.0,321,5.94,0.18,4
13.42,52.43,42.0,2082.0,1396.0,610.0,3.25,626.0,0.0,322,3.41,0.3,3
13.43,52.44,35.0,1032.0,453.0,176.0,6.396,173.0,0.0,323,5.86,0.17,4
13.4,52.48,29.0,2474.0,1130.0,427.0,2.8833,453.0,0.0,324,5.79,0.18,2
13.42,52.45,11.0,2635.0,280.0,132.0,1.7214,667.0,0.0,325,5.202722298221614,0.25,2
13.35,52.46,36.0,2981.0,1243.0,413.0,6.5304,441.0,0.0,326,7.22,0.15,5
13.27,52.41,45.0,2253.0,1382.0,392.0,4.2562,431.0,0.0,327,5.75,0.19,3
13.28,52.6,26.0,4257.0,1861.0,950.0,3.4047,1031.0,0.0,328,4.48,0.24,3
13.24,52.45,17.0,1546.0,2423.0,556.0,2.1977,592.0,0.0,329,2.78,0.20391541609822647,2
13.33,52.44,22.0,2761.0,2612.0,641.0,1.6875,757.0,0.0,330,4.31,0.27,2
13.29,52.42,31.0,2583.0,1675.0,612.0,3.5234,663.0,0.0,331,4.22,0.26,3
13.24,52.43,38.0,1007.0,618.0,239.0,2.875,245.0,0.0,332,4.21,0.24,2
13.34,52.41,47.0,1315.0,785.0,245.0,1.23,544.3654353562006,0.0,333,5.37,0.20391541609822647,1
13.33,52.41,36.0,501.0,487.0,118.0,1.3,123.0,0.0,334,4.25,0.25,1
13.38,52.4,20.0,1351.0,762.0,253.0,2.1111,255.0,0.0,335,5.34,0.19,2
13.38,52.42,25.0,1678.0,862.0,268.0,6.1834,252.0,0.0,336,6.26,0.15,4
13.41,52.4,29.0,3606.0,2317.0,696.0,2.7368,690.0,0.0,337,5.18,0.19,2
13.41,52.38,34.0,3100.0,1155.0,542.0,3.0938,617.0,0.0,338,5.72,0.2,2
13.25,52.52,11.0,4981.0,1934.0,686.0,3.7041,814.0,0.0,339,7.26,0.16,3
13.46,52.45,21.0,1484.0,984.0,380.0,2.1734,394.0,0.0,340,3.91,0.27,2
13.48,52.44,6.0,2301.928473177441,2447.0,441.2774725274725,2.3617,470.986642253378,0.0,341,5.22,0.2,2
13.5,52.41,33.0,2170.0,854.0,303.0,3.605462907608696,311.0,0.0,342,7.16,0.14,3
13.15,52.42,33.0,3007.0,1252.0,488.0,3.8816,498.0,0.0,343,6.16,0.17,3
13.49,52.43,27.0,2127.0,1970.0,534.0,1.4722,628.0,0.0,344,3.98,0.3,1
13.52,52.42,46.0,1476.0,688.0,353.0,2.7316,344.0,0.0,345,4.18,0.23,2
13.55,52.4,32.0,1408.0,1331.0,284.0,3.7014,307.0,0.0,346,4.96,0.22,3
13.52,52.41,26.0,3175.0,2460.0,775.0,3.125,736.0,0.0,347,4.1,0.23,2
13.56,52.41,16.0,1853.0,1013.0,362.0,2.7083,390.0,0.0,348,5.12,0.21,2
13.49,52.4,9.0,2268.0,1311.0,585.0,2.6607,594.0,0.0,349,3.88,0.26,2
13.51,52.42,46.0,1854.0,1360.0,429.0,2.4844,462.0,0.0,350,4.32,0.25,2
13.52,52.44,23.0,5495.0,2873.0,1004.0,3.9156,1141.0,0.0,351,5.47,0.21,3
13.5,52.43,17.0,1145.0,499.0,202.0,4.6389,209.0,0.0,352,5.67,0.18,3
13.47,52.45,35.0,1853.0,958.0,340.0,3.3578,331.0,0.0,353,5.45,0.18,3
13.49,52.45,16.0,5121.0,2464.0,761.0,6.6204,735.0,0.0,354,6.73,0.14,5
13.5,52.48,51.0,2619.0,922.0,393.0,4.6042,403.0,0.0,355,6.66,0.15,3
13.49,52.49,52.0,275.0,273.0,111.0,1.1667,123.0,0.0,356,2.48,0.20391541609822647,1
13.54,52.45,16.0,56.0,39.0,14.0,2.625,7.0,0.0,357,4.0,0.12,2
13.55,52.45,23.0,2301.928473177441,2942.0,441.2774725274725,3.0963,470.986642253378,0.0,358,5.22,0.2,2
13.55,52.43,18.0,2436.0,1303.0,386.0,6.1968,375.0,0.0,359,6.31,0.15,4
13.54,52.46,21.0,2387.0,913.0,341.0,7.736,357.0,0.0,360,7.0,0.15,5
13.59,52.45,52.0,2491.0,1098.0,468.0,3.075,474.0,0.0,361,5.32,0.19,2
13.56,52.44,3.0,2301.928473177441,1255.2263374485597,441.2774725274725,6.0824,470.986642253378,0.0,362,5.22,0.2,4
13.55,52.46,18.0,3548.0,1476.0,699.0,3.7188,880.0,0.0,363,5.08,0.25,3
13.54,52.48,36.0,1730.0,1099.0,353.0,4.0368,387.0,0.0,364,4.9,0.22,3
13.51,52.43,35.0,1818.0,1444.0,372.0,2.745,374.0,0.0,365,4.89,0.21,2
13.52,52.43,22.0,3173.0,1181.0,355.0,3.605462907608696,372.0,0.0,366,5.202722298221614,0.12,3
13.56,52.43,5.0,4116.0,1714.0,717.0,2.5612,761.0,0.0,367,5.74,0.18,2
13.56,52.45,46.0,3304.0,1783.0,777.0,3.6148,792.0,0.0,368,4.25,0.24,3
13.56,52.46,17.0,1682.0,887.0,316.0,1.8438,332.0,0.0,369,5.32,0.2,2
13.57,52.42,28.0,4225.0,1908.0,686.0,1.74,835.0,0.0,370,6.16,0.2,2
13.55,52.42,18.0,3405.0,1945.0,509.0,5.7652,556.0,0.0,371,6.69,0.16,4
13.58,52.41,16.0,3913.0,1752.0,557.0,7.3644,565.0,0.0,372,7.03,0.14,5
13.59,52.4,26.0,1453.0,896.0,260.0,3.4861,251.0,0.0,373,5.59,0.17,3
13.57,52.4,52.0,4019.0,1728.0,706.0,2.2462,824.0,0.0,374,5.69,0.21,2
13.56,52.42,19.0,683.0,302.0,111.0,2.5,139.0,0.0,375,6.15,0.2,2
13.33,52.62,17.0,4190.0,1802.0,673.0,2.4744,946.0,0.0,376,6.23,0.23,2
13.59,52.41,18.0,697.0,356.0,114.0,2.5568,150.0,0.0,377,6.11,0.22,2
13.6,52.41,26.0,2364.0,1520.0,529.0,1.9444,604.0,0.0,378,4.47,0.26,2
13.63,52.4,41.0,1933.0,1255.2263374485597,719.0,1.8539,791.0,0.0,379,2.69,0.20391541609822647,2
13.64,52.39,35.0,1213.0,532.0,181.0,3.6806,200.0,0.0,380,6.7,0.16,3
13.66,52.38,35.0,2787.0,1431.0,601.0,2.5469,587.0,0.0,381,4.64,0.21,2
13.64,52.4,49.0,1993.0,1052.0,394.0,2.2138,446.0,0.0,382,5.06,0.22,2
13.61,52.45,42.0,3321.0,1346.0,658.0,2.4618,688.0,0.0,383,5.05,0.21,2
13.6,52.45,32.0,2081.0,1342.0,411.0,2.7958,472.0,0.0,384,5.06,0.23,2
13.59,52.46,4.0,4075.0,2239.0,849.0,3.5857,927.0,0.0,385,4.8,0.23,3
13.6,52.49,25.0,2973.0,1413.0,595.0,4.3819,622.0,0.0,386,5.0,0.21,3
13.63,52.44,33.0,883.0,1007.0,210.0,2.8281,211.0,0.0,387,4.2,0.24,2
13.62,52.5,19.0,4808.0,2422.0,971.0,4.0121,1029.0,0.0,388,4.95,0.21,3
13.62,52.49,23.0,4815.0,1255.2263374485597,1016.0,3.488,1081.0,0.0,389,4.74,0.22,3
13.73,52.43,44.0,1218.0,1175.0,342.0,1.9688,374.0,0.0,390,3.56,0.31,2
13.62,52.44,43.0,2549.0,1060.0,528.0,3.6417,511.0,0.0,391,4.83,0.2,3
13.6,52.42,37.0,1212.0,1076.0,293.0,3.2115,304.0,0.0,392,4.14,0.25,3
13.63,52.43,20.0,5001.0,2330.0,830.0,4.0833,830.0,0.0,393,6.03,0.17,3
13.68,52.43,32.0,3511.0,1733.0,510.0,3.46,646.0,0.0,394,6.88,0.18,3
13.7,52.42,33.0,1369.0,758.0,246.0,4.0341,280.0,0.0,395,5.57,0.2,3
13.61,52.46,14.0,1559.0,1639.0,567.0,1.9949,646.0,0.0,396,2.75,0.20391541609822647,2
13.64,52.43,16.0,2592.0,1279.0,383.0,6.9741,372.0,0.0,397,6.77,0.14,5
13.72,52.42,33.0,3260.0,1784.0,666.0,3.5078,673.0,0.0,398,4.89,0.21,3
13.68,52.44,36.0,1997.0,772.0,348.0,4.95,356.0,0.0,399,5.74,0.18,4
13.69,52.43,23.0,1894.0,769.0,392.0,6.0352,416.0,0.0,400,4.83,0.22,4
13.63,52.42,27.0,2253.0,1197.0,384.0,3.3203,382.0,0.0,401,5.87,0.17,3
13.61,52.52,13.0,1814.0,1010.0,313.0,6.3489,320.0,0.0,402,5.8,0.18,4
13.56,52.53,20.0,2858.0,1422.0,589.0,1.9657,612.0,0.0,403,4.85,0.21,2
13.59,52.5,44.0,1960.0,1286.0,381.0,2.1518,393.0,0.0,404,5.14,0.2,2
13.6,52.51,24.0,2642.0,1649.0,633.0,3.0187,696.0,0.0,405,4.17,0.26,2
13.58,52.54,34.0,397.0,250.0,121.0,1.675,132.0,0.0,406,3.28,0.20391541609822647,2
13.58,52.5,19.0,3090.0,1621.0,520.0,4.0806,552.0,0.0,407,5.94,0.18,3
13.53,52.52,20.0,3758.0,1685.0,757.0,2.3667,798.0,0.0,408,4.96,0.21,2
13.55,52.5,33.0,1653.0,814.0,328.0,3.1406,334.0,0.0,409,5.04,0.2,2
13.59,52.48,23.0,2301.928473177441,2951.0,1063.0,6.3702,1078.0,0.0,410,5.202722298221614,0.20391541609822647,4
13.57,52.48,31.0,3064.0,1476.0,549.0,3.6667,575.0,0.0,411,5.58,0.19,3
13.54,52.55,4.0,1606.0,815.0,426.0,3.375,498.0,0.0,412,3.77,0.31,3
13.52,52.53,24.0,2301.928473177441,1750.0,441.2774725274725,2.9167,470.986642253378,0.0,413,5.22,0.2,2
13.55,52.56,44.0,1703.0,789.0,249.0,1.7083,358.0,0.0,414,6.84,0.21,2
13.46,52.53,26.0,3234.0,1597.0,513.0,6.1074,517.0,0.0,415,6.3,0.16,4
13.54,52.57,34.0,1763.0,894.0,297.0,5.0096,303.0,0.0,416,5.94,0.17,4
13.52,52.52,28.0,1737.0,1764.0,514.0,1.7813,521.0,0.0,417,3.38,0.3,2
13.51,52.55,39.0,1639.0,988.0,309.0,3.9612,300.0,0.0,418,5.3,0.18,3
13.48,52.58,30.0,1631.0,788.0,284.0,3.3098,284.0,0.0,419,5.74,0.17,3
13.56,52.5,5.0,2634.0,1173.0,372.0,6.746,359.0,0.0,420,7.08,0.14,5
13.49,52.56,20.0,2569.0,2341.0,705.0,2.0114,737.0,0.0,421,3.64,0.29,2
13.49,52.55,44.0,1284.0,925.0,261.0,1.7321,278.0,0.0,422,4.92,0.22,2
13.46,52.58,26.0,3080.0,1257.0,465.0,4.9861,473.0,0.0,423,6.62,0.15,4
13.53,52.58,27.0,489.0,403.0,97.0,5.144,98.0,0.0,424,5.04,0.2,4
13.47,52.58,34.0,2999.0,927.0,369.0,3.605462907608696,365.0,0.0,425,8.13,0.12,3
13.52,52.54,5.0,2301.928473177441,1255.2263374485597,441.2774725274725,4.4821,470.986642253378,0.0,426,5.22,0.2,3
13.51,52.54,36.0,1407.0,1763.0,350.0,2.6364,385.0,0.0,427,4.02,0.27,2
13.53,52.54,12.0,4485.0,2445.0,832.0,3.7611,805.0,0.0,428,5.39,0.18,3
13.51,52.58,37.0,2144.0,860.0,435.0,3.9464,446.0,0.0,429,4.93,0.21,3
13.43,52.56,19.0,280.0,483.0,87.0,1.95,84.0,0.0,430,3.22,0.3,2
13.43,52.58,14.0,2351.0,1215.0,548.0,2.3155,620.0,0.0,431,4.29,0.26,2
13.43,52.57,24.0,1332.0,625.0,230.0,4.4375,252.0,0.0,432,5.79,0.19,3
13.46,52.57,52.0,1500.0,384.0,145.0,7.1576,176.0,0.0,433,5.202722298221614,0.12,5
13.47,52.57,27.0,3858.0,2321.0,873.0,3.3155,1062.0,0.0,434,4.42,0.28,3
13.45,52.57,31.0,1370.0,1062.0,277.0,3.5156,284.0,0.0,435,4.95,0.21,3
13.44,52.58,39.0,3627.0,1531.0,635.0,4.537,666.0,0.0,436,5.71,0.18,3
13.5,52.64,47.0,1648.0,1308.0,385.0,1.2069,432.0,0.0,437,4.28,0.26,1
13.47,52.62,20.0,958.0,590.0,189.0,2.6094,245.0,0.0,438,5.07,0.26,2
13.41,52.59,24.0,1629.0,1012.0,488.0,1.7452,587.0,0.0,439,3.34,0.20391541609822647,2
13.41,52.6,9.0,2301.928473177441,1255.2263374485597,441.2774725274725,3.6033,470.986642253378,0.0,440,5.22,0.2,3
13.44,52.59,31.0,2025.0,2231.0,593.0,2.4741,618.0,0.0,441,3.41,0.31,2
13.39,52.59,10.0,1145.0,726.0,251.0,1.645,293.0,0.0,442,4.56,0.26,2
13.37,52.58,13.0,2301.928473177441,1255.2263374485597,947.0,7.2216,1007.0,0.0,443,2.43,0.20391541609822647,5
13.36,52.58,33.0,1486.0,781.0,274.0,3.5647,290.0,0.0,444,5.42,0.2,3
13.38,52.6,16.0,1603.0,1080.0,296.0,6.1256,287.0,0.0,445,5.42,0.18,4
13.4,52.6,18.0,1880.0,994.0,425.0,1.69,487.0,0.0,446,4.42,0.26,2
13.39,52.6,32.0,4981.0,1255.2263374485597,441.2774725274725,1.7805,470.986642253378,0.0,447,5.202722298221614,0.09,2
13.35,52.58,42.0,1372.0,674.0,271.0,2.8793,544.3654353562006,0.0,448,5.06,0.20391541609822647,2
13.35,52.62,46.0,941.0,621.0,195.0,1.325,218.0,0.0,449,4.83,0.23,1
13.37,52.61,13.0,2312.0,1084.0,388.0,5.038,352.0,0.0,450,5.96,0.15,4
13.36,52.62,31.0,2301.928473177441,2092.0,796.0,3.605462907608696,842.0,0.0,451,2.89,0.20391541609822647,3
13.4,52.56,5.0,5429.0,2315.0,687.0,3.605462907608696,665.0,0.0,452,7.9,0.12,3
13.31,52.58,29.0,2742.0,2477.0,532.0,3.5072,488.0,0.0,453,5.15,0.18,3
13.32,52.58,37.0,2655.0,1056.0,401.0,5.4224,415.0,0.0,454,6.62,0.16,4
13.32,52.56,38.0,1865.0,1052.0,354.0,1.7891,384.0,0.0,455,5.27,0.21,2
13.33,52.54,35.0,1434.0,744.0,252.0,3.7308,279.0,0.0,456,5.69,0.19,3
13.33,52.55,17.0,1869.0,831.0,262.0,6.148,311.0,0.0,457,7.13,0.17,4
13.3,52.57,16.0,3992.0,2097.0,555.0,6.7287,540.0,0.0,458,7.19,0.14,5
13.33,52.58,27.0,1446.0,670.0,281.0,3.2625,295.0,0.0,459,5.15,0.2,3
13.31,52.56,52.0,836.0,747.0,166.0,4.125,175.0,0.0,460,5.04,0.21,3
13.3,52.6,32.0,1997.0,866.0,281.0,5.062,317.0,0.0,461,7.11,0.16,4
13.31,52.55,44.0,1792.0,1115.0,358.0,3.9091,404.0,0.0,462,5.01,0.23,3
13.36,52.61,35.0,1720.0,1452.0,425.0,3.5909,421.0,0.0,463,4.05,0.24,3
13.3,52.64,34.0,2782.0,1219.0,507.0,5.0779,502.0,0.0,464,5.49,0.18,4
13.29,52.65,35.0,1930.0,805.0,338.0,4.4643,328.0,0.0,465,5.71,0.17,3
13.24,52.6,35.0,2683.0,1498.0,484.0,5.1282,475.0,0.0,466,5.54,0.18,4
13.24,52.62,42.0,2359.0,1131.0,480.0,2.0833,504.0,0.0,467,4.91,0.21,2
13.27,52.59,31.0,2301.928473177441,2428.0,843.0,3.605462907608696,876.0,0.0,468,2.73,0.20391541609822647,3
13.25,52.6,52.0,2564.0,1092.0,459.0,3.5302,502.0,0.0,469,5.59,0.2,3
13.22,52.62,41.0,1305.0,1384.0,369.0,2.45,381.0,0.0,470,3.54,0.29,2
13.23,52.59,27.0,2510.0,1255.2263374485597,726.0,2.4875,783.0,0.0,471,3.46,0.31,2
13.23,52.57,19.0,1583.0,704.0,269.0,2.1042,392.0,0.0,472,5.88,0.25,2
13.22,52.57,21.0,2301.928473177441,1255.2263374485597,441.2774725274725,5.1506,470.986642253378,0.0,473,5.22,0.2,4
13.21,52.59,16.0,50.0,20.0,6.0,2.625,10.0,0.0,474,5.202722298221614,0.2,2
13.24,52.56,4.0,4833.0,2088.0,789.0,5.1781,784.0,0.0,475,6.13,0.16,4
13.24,52.59,34.0,1706.0,628.0,243.0,4.1842,276.0,0.0,476,7.02,0.16,3
13.25,52.54,39.0,1730.0,899.0,309.0,2.6648,310.0,0.0,477,5.6,0.18,2
13.27,52.58,42.0,881.0,464.0,163.0,2.9511,170.0,0.0,478,5.4,0.19,2
13.26,52.57,23.0,3707.0,1938.0,658.0,2.725,769.0,0.0,479,5.63,0.21,2
13.22,52.53,24.0,1880.0,967.0,418.0,4.4545,405.0,0.0,480,4.5,0.22,3
13.17,52.54,32.0,1116.0,1265.0,302.0,2.295,328.0,0.0,481,3.7,0.29,2
13.21,52.51,35.0,757.0,474.0,132.0,3.7361,151.0,0.0,482,5.73,0.2,3
13.22,52.54,15.0,2485.0,1994.0,670.0,2.8333,742.0,0.0,483,3.71,0.3,2
13.2,52.51,21.0,1653.0,737.0,308.0,1.9727,419.0,0.0,484,5.37,0.25,2
13.22,52.55,22.0,1540.0,610.0,268.0,1.5227,364.0,0.0,485,5.75,0.24,1
13.17,52.48,51.0,1250.0,452.0,232.0,2.625,235.0,0.0,486,5.39,0.19,2
13.23,52.53,29.0,2195.0,1360.0,401.0,3.4773,414.0,0.0,487,5.47,0.19,3
13.17,52.56,35.0,871.0,354.0,154.0,4.3214,145.0,0.0,488,5.66,0.17,3
13.13,52.53,46.0,453.0,533.0,132.0,2.2961,119.0,0.0,489,3.43,0.26,2
13.19,52.5,11.0,2127.0,1989.0,530.0,2.9028,581.0,0.0,490,4.01,0.27,2
13.2,52.5,30.0,3376.0,1990.0,725.0,3.7813,720.0,0.0,491,4.66,0.21,3
13.16,52.5,29.0,2077.0,1418.0,524.0,1.8281,577.0,0.0,492,3.96,0.28,2
13.2,52.49,19.0,3754.0,1692.0,550.0,6.7644,588.0,0.0,493,6.83,0.16,5
13.19,52.48,27.0,3526.0,1725.0,553.0,5.7812,589.0,0.0,494,6.38,0.17,4
13.15,52.45,16.0,324.0,135.0,61.0,2.4615,61.0,0.0,495,5.31,0.19,2
13.26,52.54,29.0,1223.0,633.0,204.0,6.5143,215.0,0.0,496,6.0,0.18,5
13.31,52.54,17.0,2641.0,1167.0,647.0,2.2875,627.0,0.0,497,4.08,0.24,2
13.28,52.53,32.0,2856.0,1499.0,601.0,3.63,622.0,0.0,498,4.75,0.22,3
13.26,52.48,39.0,2078.0,1901.0,504.0,1.1468,561.0,0.0,499,4.12,0.27,1
13.14,52.47,37.0,1822.0,1961.0,506.0,1.9881,498.0,0.0,500,3.6,0.27,2
13.18,52.47,36.0,2099.0,1845.0,483.0,1.4138,510.0,0.0,501,4.35,0.24,1
13.18,52.48,37.0,2395.0,2489.0,599.0,1.5933,627.0,0.0,502,4.0,0.26,1
13.19,52.47,37.0,1361.0,1398.0,328.0,1.1681,348.0,0.0,503,4.15,0.26,1
13.2,52.48,46.0,176.0,101.0,40.0,2.2361,43.0,0.0,504,4.4,0.24,2
13.18,52.44,38.0,1452.0,1139.0,340.0,2.707,354.0,0.0,505,4.27,0.24,2
13.13,52.44,18.0,1748.0,921.0,327.0,3.3315,337.0,0.0,506,5.35,0.19,3
13.18,52.43,21.0,3298.0,1862.0,687.0,2.1507,716.0,0.0,507,4.8,0.22,2
13.17,52.43,47.0,1985.0,819.0,340.0,6.5147,315.0,0.0,508,5.84,0.16,5
13.12,52.43,38.0,4116.0,1196.0,422.0,3.5625,949.0,0.0,509,5.202722298221614,0.23,3
13.18,52.42,32.0,2468.0,1190.0,479.0,3.8275,552.0,0.0,510,5.15,0.22,3
13.17,52.47,45.0,2317.0,1057.0,428.0,4.375,448.0,0.0,511,5.41,0.19,3
13.15,52.46,39.0,2033.0,956.0,379.0,3.1736,370.0,0.0,512,5.36,0.18,2
13.12,52.42,6.0,1926.0,965.0,316.0,4.7463,303.0,0.0,513,6.09,0.16,3
13.17,52.42,17.0,3361.0,1255.2263374485597,914.0,2.2813,925.0,0.0,514,3.68,0.28,2
13.2,52.43,22.0,3740.0,2011.0,824.0,1.3039,965.0,0.0,515,4.54,0.26,1
13.21,52.42,7.0,5320.0,2015.0,768.0,6.3373,855.0,0.0,516,6.93,0.16,4
13.23,52.43,34.0,1932.0,1053.0,316.0,5.1377,315.0,0.0,517,6.11,0.16,4
13.25,52.46,20.0,1517.0,1287.0,328.0,1.6607,323.0,0.0,518,4.62,0.21,2
13.27,52.46,33.0,1981.0,1665.0,466.0,3.0833,484.0,0.0,519,4.25,0.24,2
13.26,52.47,16.0,1343.0,732.0,195.0,3.5833,241.0,0.0,520,6.89,0.18,3
13.28,52.47,12.0,2739.0,1859.0,498.0,2.9936,535.0,0.0,521,5.5,0.2,2
13.28,52.45,24.0,1610.0,909.0,323.0,1.8661,324.0,0.0,522,4.98,0.2,2
13.27,52.47,11.0,2301.928473177441,1255.2263374485597,441.2774725274725,3.5522,470.986642253378,0.0,523,5.22,0.2,3
13.3,52.48,26.0,2332.0,1285.0,404.0,5.388,371.0,0.0,524,5.77,0.16,4
13.86,52.47,52.0,1941.0,955.0,425.0,4.1339,436.0,0.0,525,4.57,0.22,3
13.7,52.5,17.0,1452.0,630.0,194.0,6.9113,188.0,0.0,526,7.48,0.13,5
13.8,52.50359625668449,52.0,2747.0,1309.0,653.0,2.943,736.0,0.0,527,4.21,0.27,2
13.8,52.28,22.0,2001.0,1520.0,387.0,3.148,387.0,0.0,528,5.17,0.19,2
13.79,52.50359625668449,22.0,3273.0,1151.0,463.0,3.605462907608696,480.0,0.0,529,7.07,0.15,3
13.74,52.50359625668449,15.0,3062.0,1624.0,538.0,4.3864,584.0,0.0,530,5.69,0.19,3
13.403213811420985,52.50359625668449,17.0,838.0,388.0,142.0,3.6563,161.0,0.0,531,5.9,0.19,3
13.403213811420985,52.50359625668449,19.0,3267.0,1252.0,566.0,2.7236,614.0,0.0,532,5.77,0.19,2
13.403213811420985,52.50359625668449,38.0,1402.0,970.0,382.0,1.6343,370.0,0.0,533,3.67,0.26,2
13.403213811420985,52.50359625668449,20.0,3435.0,1293.0,553.0,6.7578,593.0,0.0,534,6.21,0.17,5
13.403213811420985,52.50359625668449,17.0,1521.0,607.0,240.0,3.5,309.0,0.0,535,6.34,0.2,3
13.403213811420985,52.50359625668449,6.0,2073.0,826.0,375.0,3.055,388.0,0.0,536,5.53,0.19,2
13.403213811420985,52.50359625668449,13.0,2364.0,1257.0,380.0,4.6167,421.0,0.0,537,6.22,0.18,3
13.403213811420985,52.50359625668449,34.0,1403.0,839.0,255.0,4.7031,262.0,0.0,538,5.5,0.19,3
13.403213811420985,52.50359625668449,17.0,729.0,431.0,121.0,4.2188,134.0,0.0,539,6.02,0.18,3
13.403213811420985,52.50359625668449,33.0,4492.0,1255.2263374485597,441.2774725274725,3.0546,544.3654353562006,0.0,540,5.202722298221614,0.12,2
13.48,52.45,25.0,3295.0,1477.0,770.0,1.8325,824.0,0.0,541,4.28,0.25,2
13.51,52.64,52.0,2287.0,829.0,296.0,7.8383,295.0,0.0,542,7.73,0.13,5
13.4,52.62,15.0,666.0,247.0,164.0,2.15,152.0,0.0,543,4.06,0.23,2
13.13,52.46,36.0,1672.0,969.0,337.0,3.0536,302.0,0.0,544,4.96,0.18,2
13.5,52.47,32.0,3202.0,1316.0,538.0,5.2888,537.0,0.0,545,5.95,0.17,4
13.47,52.6,20.0,2587.0,1534.0,540.0,2.4375,547.0,0.0,546,4.79,0.21,2
13.24,52.53,52.0,2935.0,975.0,327.0,3.605462907608696,341.0,0.0,547,5.202722298221614,0.12,3
13.3,52.63,30.0,2246.0,1032.0,548.0,3.5871,552.0,0.0,548,4.1,0.25,3
13.26,52.46,35.0,1300.0,1216.0,326.0,1.2,356.0,0.0,549,3.99,0.27,1
13.46,52.48,29.0,335.0,202.0,91.0,2.0062,107.0,0.0,550,3.68,0.32,2
13.32,52.54,26.0,3433.0,1492.0,798.0,2.9258,873.0,0.0,551,4.3,0.25,2
13.17,52.49,47.0,3453.0,1353.0,728.0,4.016,779.0,0.0,552,4.74,0.23,3
13.38,52.58,52.0,50.0,60.0,16.0,4.125,9.0,0.0,553,3.12,0.18,3
13.21,52.57,7.0,2914.0,1584.0,499.0,4.6312,481.0,0.0,554,5.84,0.17,3
13.63,52.39,46.0,2198.0,839.0,335.0,6.5778,352.0,0.0,555,6.56,0.16,5
13.64,52.45,31.0,2712.0,1519.0,629.0,1.942,628.0,0.0,556,4.31,0.23,2
13.5,52.6,29.0,2077.0,1887.0,489.0,1.4107,524.0,0.0,557,4.25,0.25,1
13.39,52.63,28.0,3763.0,1967.0,724.0,5.3244,762.0,0.0,558,5.2,0.2,4
13.4,52.64,21.0,4426.0,1856.0,761.0,4.1,790.0,0.0,559,5.82,0.18,3
13.56,52.48,16.0,2240.0,1104.0,416.0,3.5313,443.0,0.0,560,5.38,0.2,3
13.41,52.61,19.0,2439.0,1416.0,469.0,2.4474,462.0,0.0,561,5.2,0.19,2
13.14,52.49,14.0,388.0,35.0,17.0,6.1359,108.0,0.0,562,5.202722298221614,0.28,4
13.62,52.41,22.0,1580.0,686.0,264.0,1.8065,372.0,0.0,563,5.98,0.24,2
13.23,52.6,15.0,1386.0,703.0,185.0,3.6415,247.0,0.0,564,7.49,0.18,3
13.27,52.63,17.0,871.0,955.0,351.0,1.4375,379.0,0.0,565,2.48,0.20391541609822647,1
13.52,52.55,43.0,2070.0,1925.0,444.0,1.4635,512.0,0.0,566,4.66,0.25,1
13.61,52.43,17.0,1258.0,885.0,229.0,3.05,254.0,0.0,567,5.49,0.2,2
13.62,52.43,24.0,3533.0,1496.0,723.0,2.8106,741.0,0.0,568,4.89,0.21,2
13.68,52.37,52.0,888.0,360.0,175.0,2.1944,168.0,0.0,569,5.07,0.19,2
13.403213811420985,52.50359625668449,19.0,1124.0,598.0,261.0,1.8984,290.0,0.0,570,4.31,0.26,2
13.403213811420985,52.50359625668449,36.0,2988.0,1357.0,657.0,3.5174,719.0,0.0,571,4.55,0.24,3
13.403213811420985,52.50359625668449,30.0,1242.0,1438.0,325.0,2.6607,338.0,0.0,572,3.82,0.27,2
13.18,52.5,13.0,2614.0,1949.0,537.0,2.0547,650.0,0.0,573,4.87,0.25,2
13.42,52.38,14.0,4794.0,2252.0,768.0,4.2061,767.0,0.0,574,6.24,0.16,3
13.42,52.59,52.0,3519.0,1883.0,706.0,3.4861,711.0,0.0,575,4.98,0.2,3
13.4,52.61,25.0,1492.0,755.0,389.0,3.0893,439.0,0.0,576,3.84,0.29,2
13.16,52.54,16.0,2812.0,1620.0,523.0,3.7404,514.0,0.0,577,5.38,0.18,3
13.57,52.51,32.0,3152.0,1255.2263374485597,526.0,2.725,596.0,0.0,578,5.99,0.19,2
13.35,52.61,52.0,2756.0,971.0,510.0,5.5871,542.0,0.0,579,5.4,0.2,4
13.12,52.54,33.0,1624.0,1412.0,323.0,4.0385,337.0,0.0,580,5.03,0.21,3
13.32,52.55,16.0,1257.0,559.0,213.0,4.4531,231.0,0.0,581,5.9,0.18,3
13.23,52.55,4.0,2301.928473177441,1255.2263374485597,441.2774725274725,6.1287,470.986642253378,0.0,582,5.22,0.2,4
13.29,52.61,42.0,1809.0,1094.0,382.0,2.767,424.0,0.0,583,4.74,0.23,2
13.49,52.48,8.0,2301.928473177441,1255.2263374485597,441.2774725274725,5.0012,470.986642253378,0.0,584,5.22,0.2,4
13.58,52.39,14.0,2301.928473177441,3025.0,441.2774725274725,4.0653,470.986642253378,0.0,585,5.22,0.2,3
13.58,52.48,22.0,809.0,334.0,157.0,2.3846,180.0,0.0,586,5.15,0.22,2
13.45,52.58,33.0,2970.0,1869.0,539.0,4.3636,547.0,0.0,587,5.51,0.18,3
13.65,52.35,31.0,3052.0,1581.0,788.0,3.0744,844.0,0.0,588,3.87,0.28,2
13.4,52.47,52.0,1294.0,434.0,180.0,5.7914,175.0,0.0,589,7.19,0.14,4
13.3,52.56,34.0,1503.0,731.0,285.0,4.0352,264.0,0.0,590,5.27,0.18,3
13.15,52.56,44.0,1488.0,667.0,281.0,4.0862,259.0,0.0,591,5.3,0.17,3
13.65,52.45,33.0,1353.0,1079.0,237.0,4.5417,228.0,0.0,592,5.71,0.17,3
13.66,52.45,37.0,4005.0,1602.0,606.0,6.4666,614.0,0.0,593,6.61,0.15,5
13.25,52.55,38.0,4105.0,2561.0,909.0,3.8684,950.0,0.0,594,4.52,0.23,3
13.15,52.48,16.0,1755.0,674.0,410.0,5.1602,410.0,0.0,595,4.28,0.23,4
13.22,52.6,41.0,839.0,419.0,215.0,5.012,190.0,0.0,596,3.9,0.23,4
13.3,52.55,20.0,3212.0,1064.0,526.0,6.6155,572.0,0.0,597,6.11,0.18,5
13.16,52.47,21.0,5639.0,2670.0,871.0,6.0809,894.0,0.0,598,6.47,0.16,4
13.44,52.63,36.0,1765.0,1008.0,382.0,2.0639,438.0,0.0,599,4.62,0.25,2
13.18,52.56,35.0,2072.0,1249.0,317.0,3.9855,349.0,0.0,600,6.54,0.17,3
13.7,52.4,15.0,3780.0,1632.0,721.0,2.7644,792.0,0.0,601,5.24,0.21,2
13.13,52.45,7.0,2301.928473177441,1255.2263374485597,441.2774725274725,3.1662,544.3654353562006,0.0,602,5.22,0.24,2
13.19,52.45,20.0,2110.0,1008.0,325.0,6.1509,335.0,0.0,603,6.49,0.16,4
13.13,52.41,30.0,1610.0,1000.0,397.0,2.0357,410.0,0.0,604,4.06,0.25,2
13.43,52.62,36.0,2127.0,807.0,306.0,3.605462907608696,314.0,0.0,605,6.95,0.15,3
13.19,52.46,30.0,1856.0,1103.0,379.0,4.0357,339.0,0.0,606,4.9,0.18,3
13.23,52.56,15.0,4206.0,1863.0,869.0,2.0591,922.0,0.0,607,4.84,0.22,2
13.49,52.44,19.0,2238.0,1190.0,507.0,2.0714,573.0,0.0,608,4.41,0.26,2
13.27,52.6,44.0,2267.0,980.0,372.0,3.6,426.0,0.0,609,6.09,0.19,3
13.5,52.49,34.0,1765.0,772.0,282.0,5.0118,284.0,0.0,610,6.26,0.16,4
13.24,52.50359625668449,25.0,4137.0,1905.0,630.0,4.375,662.0,0.0,611,6.57,0.16,3
13.49,52.61,10.0,3587.0,1398.0,763.0,2.569,774.0,0.0,612,4.7,0.22,2
13.26,52.61,32.0,2352.0,1316.0,447.0,2.2292,477.0,0.0,613,5.26,0.2,2
13.28,52.65,18.0,1665.0,1095.0,390.0,2.6038,477.0,0.0,614,4.27,0.29,2
13.56,52.47,30.0,2180.0,1050.0,390.0,6.3688,369.0,0.0,615,5.59,0.17,4
13.58,52.4,36.0,599.0,361.0,139.0,5.0395,125.0,0.0,616,4.31,0.21,4
13.35,52.4,46.0,3007.0,2587.0,814.0,2.7179,854.0,0.0,617,3.69,0.28,2
13.43,52.63,30.0,504.0,529.0,123.0,1.9531,140.0,0.0,618,4.1,0.28,2
13.53,52.56,15.0,3193.0,1303.0,426.0,5.3017,468.0,0.0,619,7.5,0.15,4
13.12,52.45,45.0,818.0,340.0,138.0,4.8021,144.0,0.0,620,5.93,0.18,4
13.05,52.75,6.0,2187.0,697.0,273.0,6.2685,277.0,0.0,621,8.01,0.13,4
13.6,52.5,31.0,1701.0,680.0,324.0,3.1375,363.0,0.0,622,5.25,0.21,2
13.2,52.44,16.0,3050.0,1444.0,512.0,5.2463,559.0,0.0,623,5.96,0.18,4
13.15,52.5,34.0,1280.0,754.0,294.0,3.1333,268.0,0.0,624,4.35,0.21,2
13.67,52.45,23.0,1551.0,555.0,243.0,4.6792,236.0,0.0,625,6.38,0.15,3
13.57,52.39,30.0,2835.0,1669.0,652.0,3.3616,711.0,0.0,626,4.35,0.25,3
13.2,52.47,17.0,3724.0,2536.0,971.0,3.2649,1023.0,0.0,627,3.84,0.27,3
13.66,52.42,48.0,1562.0,1469.0,424.0,2.5673,439.0,0.0,628,3.68,0.28,2
13.6,52.47,38.0,1231.0,1217.0,354.0,1.8661,346.0,0.0,629,3.48,0.28,2
13.25,52.56,14.0,999.0,1037.0,244.0,2.7125,232.0,0.0,630,4.09,0.23,2
13.54,52.51,26.0,4050.0,2072.0,636.0,4.0781,712.0,0.0,631,6.37,0.18,3
13.28,52.5,42.0,932.0,900.0,263.0,1.8039,254.0,0.0,632,3.54,0.27,2
13.64,52.42,34.0,3978.0,2725.0,1035.0,1.7622,1073.0,0.0,633,3.84,0.27,2
13.25,52.59,38.0,2172.0,830.0,368.0,3.9091,437.0,0.0,634,5.9,0.2,3
13.11,52.41,52.0,1881.0,640.0,321.0,6.871,334.0,0.0,635,5.86,0.18,5
13.68,52.42,36.0,1057.0,658.0,207.0,4.7708,207.0,0.0,636,5.11,0.2,3
13.19,52.56,28.0,1445.0,1017.0,284.0,3.6693,268.0,0.0,637,5.09,0.19,3
13.78,52.54,39.0,2754.0,2263.0,619.0,2.2454,652.0,0.0,638,4.45,0.24,2
13.78,52.52,20.0,3196.0,2929.0,983.0,3.0206,994.0,0.0,639,3.25,0.31,2
13.8,52.52,38.0,3272.0,1255.2263374485597,726.0,2.8295,731.0,0.0,640,4.51,0.22,2
13.79,52.55,36.0,1882.0,1005.0,409.0,3.8,453.0,0.0,641,4.6,0.24,3
13.55,52.49,31.0,1795.0,872.0,282.0,3.605462907608696,281.0,0.0,642,6.37,0.16,3
13.49,52.65,39.0,2902.0,1007.0,420.0,6.1953,460.0,0.0,643,6.91,0.16,4
13.2,52.42,28.0,1609.0,1064.0,290.0,1.1125,340.0,0.0,644,5.55,0.21,1
13.67,52.42,43.0,2527.0,1332.0,558.0,3.0465,619.0,0.0,645,4.53,0.24,2
13.62,52.4,23.0,4247.0,2357.0,823.0,5.1321,835.0,0.0,646,5.16,0.2,4
13.27,52.53,32.0,1578.0,836.0,292.0,3.9063,284.0,0.0,647,5.4,0.18,3
13.22,52.59,11.0,2394.0,1393.0,409.0,5.5875,403.0,0.0,648,5.85,0.17,4
13.13,52.43,27.0,1492.0,717.0,254.0,1.8906,393.0,0.0,649,5.87,0.26,2
13.6,52.46,8.0,1268.0,1237.0,326.0,1.3708,336.0,0.0,650,3.89,0.26,1
13.69,52.45,24.0,4410.0,2362.0,862.0,2.9406,939.0,0.0,651,5.12,0.21,2
13.55,52.47,32.0,2301.928473177441,1255.2263374485597,441.2774725274725,3.3926,470.986642253378,0.0,652,5.22,0.2,3
13.13,52.42,22.0,2367.0,1333.0,488.0,3.6304,492.0,0.0,653,4.85,0.21,3
13.52,52.37,18.0,1867.0,802.0,314.0,1.8242,424.0,0.0,654,5.95,0.23,2
13.74,52.47,30.0,2695.0,1098.0,420.0,5.3972,424.0,0.0,655,6.42,0.16,4
13.45,52.65,30.0,2370.0,1248.0,410.0,3.1442,412.0,0.0,656,5.78,0.17,2
13.44,52.64,38.0,175.0,129.0,20.0,3.605462907608696,22.0,0.0,657,5.202722298221614,0.13,3
13.59,52.39,37.0,3223.0,1325.0,539.0,4.0938,564.0,0.0,658,5.98,0.17,3
13.26,52.6,14.0,1740.0,850.0,317.0,2.5812,391.0,0.0,659,5.49,0.22,2
13.53,52.59,5.0,1519.0,705.0,186.0,3.605462907608696,186.0,0.0,660,8.17,0.12,3
13.61,52.41,13.0,4760.0,309.0,132.0,5.4618,938.0,0.0,661,5.202722298221614,0.2,4
13.68,52.45,40.0,2681.0,1144.0,669.0,3.0461,737.0,0.0,662,4.01,0.27,2
13.34,52.54,16.0,1466.0,661.0,209.0,6.2893,196.0,0.0,663,7.01,0.13,4
13.66,52.37,28.0,4930.0,2232.0,441.2774725274725,4.3232,470.986642253378,0.0,664,5.202722298221614,0.1,3
13.49,52.59,34.0,3718.0,2510.0,632.0,5.3311,676.0,0.0,665,5.88,0.18,4
13.68,52.41,47.0,1527.0,1102.0,282.0,4.0,283.0,0.0,666,5.41,0.19,3
13.59,52.38,14.0,2493.0,1296.0,418.0,5.4508,407.0,0.0,667,5.96,0.16,4
13.57,52.38,52.0,2307.0,1127.0,548.0,1.8447,583.0,0.0,668,4.21,0.25,2
13.57,52.37,33.0,1759.0,943.0,315.0,5.223,311.0,0.0,669,5.58,0.18,4
13.46,52.74,32.0,3551.0,1731.0,935.0,2.2017,1037.0,0.0,670,3.8,0.29,2
13.64,52.46,45.0,1211.0,1128.0,261.0,3.4792,234.0,0.0,671,4.64,0.19,3
13.26,52.58,4.0,617.0,224.0,105.0,3.9205,105.0,0.0,672,5.88,0.17,3
13.67,52.37,52.0,1565.0,637.0,297.0,4.7778,315.0,0.0,673,5.27,0.2,3
13.48,52.64,14.0,2635.0,1150.0,499.0,4.4391,516.0,0.0,674,5.28,0.2,3
13.21,52.50359625668449,43.0,782.0,827.0,223.0,3.1538,207.0,0.0,675,3.51,0.26,2
13.65,52.36,16.0,5603.0,3045.0,893.0,5.0778,938.0,0.0,676,6.27,0.17,4
13.65,52.34,16.0,4371.0,2530.0,817.0,4.6786,889.0,0.0,677,5.35,0.2,3
13.29,52.56,24.0,3596.0,1573.0,492.0,6.5382,494.0,0.0,678,7.31,0.14,5
13.23,52.47,21.0,2471.0,1753.0,451.0,4.025,473.0,0.0,679,5.48,0.19,3
13.24,52.47,26.0,2345.0,1195.0,377.0,5.4925,408.0,0.0,680,6.22,0.17,4
13.25,52.62,26.0,1299.0,533.0,180.0,6.2296,174.0,0.0,681,7.22,0.13,4
13.29,52.53,30.0,4573.0,2411.0,819.0,3.5804,819.0,0.0,682,5.58,0.18,3
13.36,52.47,52.0,1590.0,1127.0,321.0,3.4625,360.0,0.0,683,4.95,0.23,3
13.44,52.61,44.0,2636.0,2182.0,651.0,1.432,725.0,0.0,684,4.05,0.28,1
13.44,52.62,21.0,5541.0,2214.0,737.0,5.5777,776.0,0.0,685,7.52,0.14,4
13.54,52.5,19.0,2742.0,1396.0,703.0,2.5663,756.0,0.0,686,3.9,0.28,2
13.42,52.6,18.0,2144.0,985.0,381.0,3.175,420.0,0.0,687,5.63,0.2,2
13.42,52.62,50.0,2141.0,1777.0,426.0,2.7679,451.0,0.0,688,5.03,0.21,2
13.24,52.49,34.0,3041.0,1920.0,640.0,4.5304,677.0,0.0,689,4.75,0.22,3
13.53,52.5,18.0,2127.0,1168.0,401.0,3.0313,443.0,0.0,690,5.3,0.21,2
13.5,52.62,37.0,1813.0,1100.0,375.0,3.4453,394.0,0.0,691,4.83,0.22,3
13.28,52.55,35.0,1481.0,747.0,254.0,4.4286,277.0,0.0,692,5.83,0.19,3
13.65,52.41,47.0,2901.0,1276.0,578.0,2.1366,631.0,0.0,693,5.02,0.22,2
13.71,52.44,36.0,1467.0,1247.0,347.0,1.8191,369.0,0.0,694,4.23,0.25,2
13.5,52.65,15.0,2708.0,1140.0,389.0,6.2899,410.0,0.0,695,6.96,0.15,4
13.51,52.52,26.0,2301.928473177441,1255.2263374485597,441.2774725274725,3.605462907608696,470.986642253378,0.0,696,5.22,0.2,3
13.25,52.58,46.0,723.0,411.0,165.0,2.0893,154.0,0.0,697,4.38,0.21,2
13.36,52.4,51.0,1477.0,750.0,295.0,5.3925,280.0,0.0,698,5.01,0.19,4
13.55,52.39,23.0,3516.0,1465.0,623.0,4.2569,661.0,0.0,699,5.64,0.19,3
13.23,52.49,10.0,1657.0,958.0,380.0,2.6458,359.0,0.0,700,4.36,0.22,2
13.48,52.6,12.0,2301.928473177441,1255.2263374485597,1057.0,5.2879,1064.0,0.0,701,5.202722298221614,0.20391541609822647,4
13.46,52.6,28.0,3187.0,2205.0,559.0,5.1668,569.0,0.0,702,5.7,0.18,4
13.44,52.6,23.0,1569.0,1031.0,368.0,1.6267,414.0,0.0,703,4.26,0.26,2
13.54,52.56,28.0,1869.0,1074.0,344.0,2.5988,407.0,0.0,704,5.43,0.22,2
13.12,52.46,28.0,1452.0,919.0,308.0,2.8287,300.0,0.0,705,4.71,0.21,2
13.28,52.64,11.0,3358.0,1690.0,482.0,6.7544,504.0,0.0,706,6.97,0.15,5
13.15,52.49,40.0,2538.0,2170.0,541.0,2.7212,564.0,0.0,707,4.69,0.22,2
13.59,52.49,30.0,2110.0,1301.0,345.0,2.3173,406.0,0.0,708,6.12,0.19,2
13.22,52.52,16.0,1584.0,1011.0,268.0,2.4961,309.0,0.0,709,5.91,0.2,2
13.28,52.61,17.0,2255.0,1171.0,411.0,2.875,416.0,0.0,710,5.49,0.18,2
13.65,52.42,52.0,1835.0,777.0,317.0,3.7159,330.0,0.0,711,5.79,0.18,3
13.5,52.58,18.0,2301.928473177441,1255.2263374485597,441.2774725274725,4.7612,470.986642253378,0.0,712,5.22,0.2,3
13.53,52.47,17.0,3425.0,2469.0,758.0,0.9393,827.0,0.0,713,4.52,0.24,1
13.55,52.48,17.0,5041.0,2396.0,801.0,6.0868,778.0,0.0,714,6.29,0.15,4
13.54,52.58,52.0,1837.0,668.0,300.0,5.1009,313.0,0.0,715,6.12,0.17,4
13.25,52.53,7.0,2021.0,1615.0,406.0,2.5842,441.0,0.0,716,4.98,0.22,2
13.16,52.6,19.0,121.0,658.0,41.0,0.9573,41.0,0.0,717,2.95,0.20391541609822647,1
13.26,52.53,30.0,1680.0,858.0,310.0,4.0474,312.0,0.0,718,5.42,0.19,3
13.21,52.52,32.0,1564.0,973.0,290.0,3.75,270.0,0.0,719,5.39,0.17,3
13.46,52.64,13.0,2589.0,1356.0,435.0,5.0253,413.0,0.0,720,5.95,0.16,4
13.47,52.64,4.0,1646.0,853.0,410.0,5.0821,408.0,0.0,721,4.01,0.25,4
13.46,52.62,25.0,2496.0,1034.0,367.0,7.0544,351.0,0.0,722,6.8,0.14,5
13.21,52.48,32.0,2301.928473177441,2615.0,950.0,6.6188,974.0,0.0,723,2.42,0.20391541609822647,5
13.41,52.63,32.0,4684.0,1512.0,511.0,3.605462907608696,540.0,0.0,724,5.202722298221614,0.12,3
13.41,52.64,8.0,1755.0,1687.0,511.0,1.995,530.0,0.0,725,3.43,0.3,2
13.27,52.57,21.0,3481.0,1866.0,746.0,3.6201,808.0,0.0,726,4.67,0.23,3
13.16,52.58,36.0,2914.0,1236.0,509.0,2.4464,562.0,0.0,727,5.72,0.19,2
13.19,52.58,5.0,260.0,157.0,42.0,6.5151,41.0,0.0,728,6.19,0.16,5
13.71,52.4,30.0,3742.0,1721.0,631.0,6.1388,633.0,0.0,729,5.93,0.17,4
13.54,52.47,34.0,1441.0,695.0,275.0,2.6875,294.0,0.0,730,5.24,0.2,2
13.22,52.48,40.0,859.0,427.0,176.0,3.5789,196.0,0.0,731,4.88,0.23,3
13.38,52.39,52.0,1786.0,856.0,394.0,3.0833,427.0,0.0,732,4.53,0.24,2
13.64,52.35,14.0,2982.0,1408.0,423.0,5.3241,412.0,0.0,733,7.05,0.14,4
13.39,52.61,32.0,2374.0,1580.0,427.0,3.8837,450.0,0.0,734,5.56,0.19,3
13.24,52.57,31.0,1892.0,1162.0,389.0,3.125,428.0,0.0,735,4.86,0.23,2
13.12,52.41,46.0,1051.0,1435.0,305.0,1.6667,302.0,0.0,736,3.45,0.29,2
13.47,52.67,22.0,2340.0,1141.0,554.0,4.5729,584.0,0.0,737,4.22,0.25,3
13.49,52.58,43.0,1583.0,1941.0,614.0,1.9835,658.0,0.0,738,2.58,0.20391541609822647,2
13.48,52.63,46.0,2062.0,1522.0,469.0,3.087,484.0,0.0,739,4.4,0.23,2
13.17,52.59,25.0,4952.0,1589.0,1024.0,1.8446,1062.0,0.0,740,4.84,0.21,2
13.29,52.57,43.0,1544.0,701.0,298.0,4.1375,286.0,0.0,741,5.18,0.19,3
13.37,52.4,17.0,2236.0,992.0,312.0,6.9405,315.0,0.0,742,7.17,0.14,5
13.47,52.59,44.0,968.0,1805.0,375.0,1.4801,384.0,0.0,743,2.58,0.20391541609822647,1
13.46,52.61,36.0,2223.0,942.0,331.0,4.6806,361.0,0.0,744,6.72,0.16,3
13.23,52.5,10.0,1731.0,1056.0,312.0,3.6007,299.0,0.0,745,5.55,0.17,3
13.23,52.52,52.0,2694.0,1152.0,435.0,3.0806,453.0,0.0,746,6.19,0.17,2
13.15,52.47,41.0,1229.0,994.0,270.0,1.4891,302.0,0.0,747,4.55,0.25,1
13.16,52.59,29.0,3402.0,2331.0,690.0,3.6094,747.0,0.0,748,4.93,0.22,3
13.15,52.58,52.0,1211.0,1102.0,392.0,1.6875,447.0,0.0,749,3.09,0.20391541609822647,2
13.15,52.59,16.0,1787.0,1446.0,362.0,3.75,361.0,0.0,750,4.94,0.2,3
13.48,52.59,12.0,2560.0,907.0,366.0,3.605462907608696,365.0,0.0,751,6.99,0.14,3
13.15,52.4,13.0,1632.0,1255.2263374485597,659.0,1.5054,598.0,0.0,752,2.48,0.20391541609822647,1
13.38,52.62,38.0,796.0,679.0,167.0,3.6607,159.0,0.0,753,4.77,0.2,3
13.46,52.63,52.0,2424.0,1171.0,455.0,1.4815,528.0,0.0,754,5.33,0.22,1
13.48,52.66,48.0,2304.0,1273.0,512.0,3.275,558.0,0.0,755,4.5,0.24,3
13.72,52.41,8.0,1944.0,814.0,276.0,5.3988,283.0,0.0,756,7.04,0.15,4
13.45,52.64,32.0,2699.0,2086.0,551.0,2.2974,552.0,0.0,757,4.9,0.2,2
13.17,52.58,34.0,2392.0,933.0,619.0,3.7306,653.0,0.0,758,3.86,0.27,3
13.17,52.57,26.0,2249.0,1311.0,373.0,5.0287,344.0,0.0,759,6.03,0.15,4
13.18,52.58,30.0,724.0,325.0,155.0,3.3333,167.0,0.0,760,4.67,0.23,3
13.18,52.59,52.0,2093.0,918.0,483.0,2.7477,550.0,0.0,761,4.33,0.26,2
13.16,52.4,45.0,1834.0,1405.0,407.0,2.0521,421.0,0.0,762,4.51,0.23,2
13.24,52.5,33.0,2127.0,1056.0,391.0,4.375,414.0,0.0,763,5.44,0.19,3
13.24,52.46,42.0,1762.0,1526.0,365.0,2.8643,398.0,0.0,764,4.83,0.23,2
13.18,52.45,21.0,2405.0,1197.0,412.0,2.6488,476.0,0.0,765,5.84,0.2,2
13.18,52.57,14.0,2301.928473177441,265.0,112.0,3.2431,470.986642253378,0.0,766,5.202722298221614,0.2,3
13.16,52.57,14.0,3727.0,1741.0,646.0,3.5625,685.0,0.0,767,5.77,0.18,3
